{
  "alphas": [
    2.0,
    1.0,
    6.0,
    1.0,
    3.0
  ],
  "betas": [
    3.0,
    3.0,
    5.0,
    2.0,
    4.0
  ],
  "arm_counts": [
    3.0,
    2.0,
    9.0,
    1.0,
    5.0
  ],
  "arm_rewards": [
    1.6800000000000002,
    1.1533333333333333,
    5.513333333333334,
    0.5800000000000001,
    2.966666666666667
  ],
  "selection_history": [
    1,
    0,
    4,
    2,
    4,
    4,
    3,
    4,
    2,
    2,
    2,
    1,
    2,
    2,
    2,
    0,
    2,
    0,
    2,
    4
  ],
  "reward_history": [
    [
      1,
      0.5733333333333334
    ],
    [
      0,
      0.5
    ],
    [
      4,
      0.64
    ],
    [
      2,
      0.64
    ],
    [
      4,
      0.54
    ],
    [
      4,
      0.5733333333333334
    ],
    [
      3,
      0.5800000000000001
    ],
    [
      4,
      0.5733333333333334
    ],
    [
      2,
      0.64
    ],
    [
      2,
      0.64
    ],
    [
      2,
      0.5800000000000001
    ],
    [
      1,
      0.5800000000000001
    ],
    [
      2,
      0.64
    ],
    [
      2,
      0.5800000000000001
    ],
    [
      2,
      0.5800000000000001
    ],
    [
      0,
      0.54
    ],
    [
      2,
      0.64
    ],
    [
      0,
      0.64
    ],
    [
      2,
      0.5733333333333334
    ],
    [
      4,
      0.64
    ]
  ]
}