{
  "alphas": [
    1.0,
    1.0,
    1.0,
    1.0,
    1.0
  ],
  "betas": [
    61.0,
    62.0,
    59.0,
    58.0,
    65.0
  ],
  "arm_counts": [
    60.0,
    61.0,
    58.0,
    57.0,
    64.0
  ],
  "arm_rewards": [
    16.07333333333332,
    15.709999999999994,
    14.639999999999993,
    14.34999999999999,
    16.546666666666656
  ],
  "selection_history": [
    4,
    2,
    2,
    0,
    4,
    3,
    1,
    1,
    4,
    4,
    1,
    2,
    0,
    3,
    0,
    2,
    0,
    2,
    3,
    3,
    0,
    2,
    1,
    4,
    1,
    4,
    1,
    1,
    3,
    0,
    4,
    2,
    4,
    4,
    1,
    2,
    2,
    0,
    3,
    1,
    3,
    0,
    3,
    1,
    0,
    4,
    4,
    0,
    4,
    4,
    1,
    1,
    3,
    2,
    2,
    2,
    3,
    3,
    2,
    4,
    2,
    3,
    3,
    2,
    2,
    3,
    1,
    2,
    1,
    4,
    3,
    1,
    0,
    1,
    0,
    1,
    4,
    1,
    1,
    4,
    0,
    0,
    4,
    1,
    0,
    1,
    4,
    2,
    3,
    2,
    3,
    3,
    3,
    3,
    3,
    3,
    2,
    4,
    0,
    0,
    2,
    1,
    2,
    3,
    3,
    1,
    4,
    2,
    3,
    4,
    4,
    0,
    2,
    1,
    2,
    3,
    3,
    3,
    2,
    0,
    3,
    1,
    1,
    4,
    1,
    0,
    4,
    0,
    0,
    4,
    2,
    4,
    4,
    3,
    3,
    4,
    0,
    3,
    2,
    1,
    2,
    2,
    0,
    3,
    2,
    0,
    2,
    0,
    0,
    1,
    4,
    3,
    0,
    0,
    3,
    1,
    1,
    0,
    2,
    2,
    4,
    1,
    4,
    1,
    4,
    2,
    4,
    4,
    1,
    2,
    2,
    0,
    1,
    1,
    3,
    2,
    0,
    0,
    4,
    3,
    3,
    4,
    1,
    0,
    4,
    0,
    3,
    3,
    3,
    2,
    4,
    1,
    1,
    0,
    4,
    4,
    1,
    0,
    0,
    0,
    3,
    0,
    4,
    4,
    3,
    1,
    3,
    4,
    0,
    1,
    1,
    3,
    4,
    2,
    0,
    0,
    1,
    2,
    1,
    2,
    4,
    4,
    3,
    1,
    0,
    1,
    2,
    3,
    1,
    4,
    1,
    0,
    0,
    1,
    2,
    4,
    2,
    4,
    3,
    0,
    0,
    2,
    4,
    4,
    2,
    4,
    4,
    1,
    3,
    4,
    4,
    1,
    0,
    1,
    3,
    0,
    1,
    2,
    2,
    1,
    0,
    4,
    2,
    0,
    1,
    4,
    4,
    2,
    1,
    2,
    1,
    3,
    3,
    2,
    3,
    4,
    1,
    0,
    4,
    3,
    2,
    4,
    2,
    0,
    0,
    0,
    0,
    0,
    3,
    3,
    1,
    1,
    2,
    4,
    3,
    4,
    2,
    2,
    0,
    0
  ],
  "reward_history": [
    [
      4,
      0.29000000000000004
    ],
    [
      2,
      0.19666666666666666
    ],
    [
      2,
      0.25
    ],
    [
      0,
      0.29000000000000004
    ],
    [
      4,
      0.29000000000000004
    ],
    [
      3,
      0.29000000000000004
    ],
    [
      1,
      0.25
    ],
    [
      1,
      0.19
    ],
    [
      4,
      0.25
    ],
    [
      4,
      0.19
    ],
    [
      1,
      0.29000000000000004
    ],
    [
      2,
      0.21
    ],
    [
      0,
      0.21
    ],
    [
      3,
      0.29000000000000004
    ],
    [
      0,
      0.21
    ],
    [
      2,
      0.29000000000000004
    ],
    [
      0,
      0.29000000000000004
    ],
    [
      2,
      0.19666666666666666
    ],
    [
      3,
      0.19666666666666666
    ],
    [
      3,
      0.19666666666666666
    ],
    [
      0,
      0.25
    ],
    [
      2,
      0.29000000000000004
    ],
    [
      1,
      0.29000000000000004
    ],
    [
      4,
      0.19666666666666666
    ],
    [
      1,
      0.25
    ],
    [
      4,
      0.19666666666666666
    ],
    [
      1,
      0.29000000000000004
    ],
    [
      1,
      0.19666666666666666
    ],
    [
      3,
      0.21
    ],
    [
      0,
      0.19
    ],
    [
      4,
      0.25
    ],
    [
      2,
      0.29000000000000004
    ],
    [
      4,
      0.29000000000000004
    ],
    [
      4,
      0.21
    ],
    [
      1,
      0.29000000000000004
    ],
    [
      2,
      0.25
    ],
    [
      2,
      0.25
    ],
    [
      0,
      0.29000000000000004
    ],
    [
      3,
      0.21
    ],
    [
      1,
      0.29000000000000004
    ],
    [
      3,
      0.25
    ],
    [
      0,
      0.29000000000000004
    ],
    [
      3,
      0.21
    ],
    [
      1,
      0.21
    ],
    [
      0,
      0.29000000000000004
    ],
    [
      4,
      0.29000000000000004
    ],
    [
      4,
      0.29000000000000004
    ],
    [
      0,
      0.21
    ],
    [
      4,
      0.29000000000000004
    ],
    [
      4,
      0.21
    ],
    [
      1,
      0.19
    ],
    [
      1,
      0.21
    ],
    [
      3,
      0.29000000000000004
    ],
    [
      2,
      0.21
    ],
    [
      2,
      0.29000000000000004
    ],
    [
      2,
      0.19666666666666666
    ],
    [
      3,
      0.29000000000000004
    ],
    [
      3,
      0.29000000000000004
    ],
    [
      2,
      0.19
    ],
    [
      4,
      0.29000000000000004
    ],
    [
      2,
      0.29000000000000004
    ],
    [
      3,
      0.19
    ],
    [
      3,
      0.19666666666666666
    ],
    [
      2,
      0.25
    ],
    [
      2,
      0.21
    ],
    [
      3,
      0.29000000000000004
    ],
    [
      1,
      0.19666666666666666
    ],
    [
      2,
      0.21
    ],
    [
      1,
      0.19
    ],
    [
      4,
      0.19
    ],
    [
      3,
      0.25
    ],
    [
      1,
      0.21
    ],
    [
      0,
      0.29000000000000004
    ],
    [
      1,
      0.29000000000000004
    ],
    [
      0,
      0.25
    ],
    [
      1,
      0.29000000000000004
    ],
    [
      4,
      0.29000000000000004
    ],
    [
      1,
      0.29000000000000004
    ],
    [
      1,
      0.29000000000000004
    ],
    [
      4,
      0.29000000000000004
    ],
    [
      0,
      0.25
    ],
    [
      0,
      0.19
    ],
    [
      4,
      0.29000000000000004
    ],
    [
      1,
      0.29000000000000004
    ],
    [
      0,
      0.29000000000000004
    ],
    [
      1,
      0.29000000000000004
    ],
    [
      4,
      0.19666666666666666
    ],
    [
      2,
      0.29000000000000004
    ],
    [
      3,
      0.19
    ],
    [
      2,
      0.29000000000000004
    ],
    [
      3,
      0.19666666666666666
    ],
    [
      3,
      0.19
    ],
    [
      3,
      0.19
    ],
    [
      3,
      0.29000000000000004
    ],
    [
      3,
      0.21
    ],
    [
      3,
      0.25
    ],
    [
      2,
      0.29000000000000004
    ],
    [
      4,
      0.19
    ],
    [
      0,
      0.19
    ],
    [
      0,
      0.29000000000000004
    ],
    [
      2,
      0.19
    ],
    [
      1,
      0.29000000000000004
    ],
    [
      2,
      0.29000000000000004
    ],
    [
      3,
      0.25
    ],
    [
      3,
      0.19666666666666666
    ],
    [
      1,
      0.29000000000000004
    ],
    [
      4,
      0.25
    ],
    [
      2,
      0.29000000000000004
    ],
    [
      3,
      0.19
    ],
    [
      4,
      0.29000000000000004
    ],
    [
      4,
      0.29000000000000004
    ],
    [
      0,
      0.29000000000000004
    ],
    [
      2,
      0.19
    ],
    [
      1,
      0.19666666666666666
    ],
    [
      2,
      0.29000000000000004
    ],
    [
      3,
      0.25
    ],
    [
      3,
      0.25
    ],
    [
      3,
      0.29000000000000004
    ],
    [
      2,
      0.29000000000000004
    ],
    [
      0,
      0.29000000000000004
    ],
    [
      3,
      0.29000000000000004
    ],
    [
      1,
      0.19
    ],
    [
      1,
      0.19666666666666666
    ],
    [
      4,
      0.25
    ],
    [
      1,
      0.21
    ],
    [
      0,
      0.29000000000000004
    ],
    [
      4,
      0.19
    ],
    [
      0,
      0.29000000000000004
    ],
    [
      0,
      0.29000000000000004
    ],
    [
      4,
      0.29000000000000004
    ],
    [
      2,
      0.29000000000000004
    ],
    [
      4,
      0.29000000000000004
