{
  "alphas": [
    1.0,
    1.0,
    1.0,
    1.0,
    1.0
  ],
  "betas": [
    18.0,
    22.0,
    21.0,
    23.0,
    21.0
  ],
  "arm_counts": [
    17.0,
    21.0,
    20.0,
    22.0,
    20.0
  ],
  "arm_rewards": [
    4.27,
    5.283333333333333,
    4.94,
    5.166666666666668,
    4.98
  ],
  "selection_history": [
    4,
    2,
    2,
    0,
    4,
    3,
    1,
    1,
    4,
    4,
    1,
    2,
    0,
    3,
    0,
    2,
    0,
    2,
    3,
    3,
    0,
    2,
    1,
    4,
    1,
    4,
    1,
    1,
    3,
    0,
    4,
    2,
    4,
    4,
    1,
    2,
    2,
    0,
    3,
    1,
    3,
    0,
    3,
    1,
    0,
    4,
    4,
    0,
    4,
    4,
    1,
    1,
    3,
    2,
    2,
    2,
    3,
    3,
    2,
    4,
    2,
    3,
    3,
    2,
    2,
    3,
    1,
    2,
    1,
    4,
    3,
    1,
    0,
    1,
    0,
    1,
    4,
    1,
    1,
    4,
    0,
    0,
    4,
    1,
    0,
    1,
    4,
    2,
    3,
    2,
    3,
    3,
    3,
    3,
    3,
    3,
    2,
    4,
    0,
    0
  ],
  "reward_history": [
    [
      4,
      0.29000000000000004
    ],
    [
      2,
      0.19666666666666666
    ],
    [
      2,
      0.25
    ],
    [
      0,
      0.29000000000000004
    ],
    [
      4,
      0.29000000000000004
    ],
    [
      3,
      0.29000000000000004
    ],
    [
      1,
      0.25
    ],
    [
      1,
      0.19
    ],
    [
      4,
      0.25
    ],
    [
      4,
      0.19
    ],
    [
      1,
      0.29000000000000004
    ],
    [
      2,
      0.21
    ],
    [
      0,
      0.21
    ],
    [
      3,
      0.29000000000000004
    ],
    [
      0,
      0.21
    ],
    [
      2,
      0.29000000000000004
    ],
    [
      0,
      0.29000000000000004
    ],
    [
      2,
      0.19666666666666666
    ],
    [
      3,
      0.19666666666666666
    ],
    [
      3,
      0.19666666666666666
    ],
    [
      0,
      0.25
    ],
    [
      2,
      0.29000000000000004
    ],
    [
      1,
      0.29000000000000004
    ],
    [
      4,
      0.19666666666666666
    ],
    [
      1,
      0.25
    ],
    [
      4,
      0.19666666666666666
    ],
    [
      1,
      0.29000000000000004
    ],
    [
      1,
      0.19666666666666666
    ],
    [
      3,
      0.21
    ],
    [
      0,
      0.19
    ],
    [
      4,
      0.25
    ],
    [
      2,
      0.29000000000000004
    ],
    [
      4,
      0.29000000000000004
    ],
    [
      4,
      0.21
    ],
    [
      1,
      0.29000000000000004
    ],
    [
      2,
      0.25
    ],
    [
      2,
      0.25
    ],
    [
      0,
      0.29000000000000004
    ],
    [
      3,
      0.21
    ],
    [
      1,
      0.29000000000000004
    ],
    [
      3,
      0.25
    ],
    [
      0,
      0.29000000000000004
    ],
    [
      3,
      0.21
    ],
    [
      1,
      0.21
    ],
    [
      0,
      0.29000000000000004
    ],
    [
      4,
      0.29000000000000004
    ],
    [
      4,
      0.29000000000000004
    ],
    [
      0,
      0.21
    ],
    [
      4,
      0.29000000000000004
    ],
    [
      4,
      0.21
    ],
    [
      1,
      0.19
    ],
    [
      1,
      0.21
    ],
    [
      3,
      0.29000000000000004
    ],
    [
      2,
      0.21
    ],
    [
      2,
      0.29000000000000004
    ],
    [
      2,
      0.19666666666666666
    ],
    [
      3,
      0.29000000000000004
    ],
    [
      3,
      0.29000000000000004
    ],
    [
      2,
      0.19
    ],
    [
      4,
      0.29000000000000004
    ],
    [
      2,
      0.29000000000000004
    ],
    [
      3,
      0.19
    ],
    [
      3,
      0.19666666666666666
    ],
    [
      2,
      0.25
    ],
    [
      2,
      0.21
    ],
    [
      3,
      0.29000000000000004
    ],
    [
      1,
      0.19666666666666666
    ],
    [
      2,
      0.21
    ],
    [
      1,
      0.19
    ],
    [
      4,
      0.19
    ],
    [
      3,
      0.25
    ],
    [
      1,
      0.21
    ],
    [
      0,
      0.29000000000000004
    ],
    [
      1,
      0.29000000000000004
    ],
    [
      0,
      0.25
    ],
    [
      1,
      0.29000000000000004
    ],
    [
      4,
      0.29000000000000004
    ],
    [
      1,
      0.29000000000000004
    ],
    [
      1,
      0.29000000000000004
    ],
    [
      4,
      0.29000000000000004
    ],
    [
      0,
      0.25
    ],
    [
      0,
      0.19
    ],
    [
      4,
      0.29000000000000004
    ],
    [
      1,
      0.29000000000000004
    ],
    [
      0,
      0.29000000000000004
    ],
    [
      1,
      0.29000000000000004
    ],
    [
      4,
      0.19666666666666666
    ],
    [
      2,
      0.29000000000000004
    ],
    [
      3,
      0.19
    ],
    [
      2,
      0.29000000000000004
    ],
    [
      3,
      0.19666666666666666
    ],
    [
      3,
      0.19
    ],
    [
      3,
      0.19
    ],
    [
      3,
      0.29000000000000004
    ],
    [
      3,
      0.21
    ],
    [
      3,
      0.25
    ],
    [
      2,
      0.29000000000000004
    ],
    [
      4,
      0.19
    ],
    [
      0,
      0.19
    ],
    [
      0,
      0.29000000000000004
    ]
  ]
}