{
  "alphas": [
    1.0,
    1.0,
    4.0,
    1.0,
    2.0
  ],
  "betas": [
    2.0,
    2.0,
    1.0,
    2.0,
    4.0
  ],
  "arm_counts": [
    1.0,
    1.0,
    3.0,
    1.0,
    4.0
  ],
  "arm_rewards": [
    0.5,
    0.5733333333333334,
    1.92,
    0.5800000000000001,
    2.3266666666666667
  ],
  "selection_history": [
    1,
    0,
    4,
    2,
    4,
    4,
    3,
    4,
    2,
    2
  ],
  "reward_history": [
    [
      1,
      0.5733333333333334
    ],
    [
      0,
      0.5
    ],
    [
      4,
      0.64
    ],
    [
      2,
      0.64
    ],
    [
      4,
      0.54
    ],
    [
      4,
      0.5733333333333334
    ],
    [
      3,
      0.5800000000000001
    ],
    [
      4,
      0.5733333333333334
    ],
    [
      2,
      0.64
    ],
    [
      2,
      0.64
    ]
  ]
}