{
  "alphas": [
    1.0,
    1.0,
    1.0,
    1.0,
    1.0
  ],
  "betas": [
    1.0,
    2.0,
    2.0,
    3.0,
    2.0
  ],
  "arm_counts": [
    0.0,
    1.0,
    1.0,
    2.0,
    1.0
  ],
  "arm_rewards": [
    0.0,
    0.19,
    0.19666666666666666,
    0.44666666666666666,
    0.29000000000000004
  ],
  "selection_history": [
    3,
    1,
    3,
    4,
    2
  ],
  "reward_history": [
    [
      3,
      0.25
    ],
    [
      1,
      0.19
    ],
    [
      3,
      0.19666666666666666
    ],
    [
      4,
      0.29000000000000004
    ],
    [
      2,
      0.19666666666666666
    ]
  ]
}