{
  "alphas": [
    3.0,
    1.0,
    8.0,
    1.0,
    3.0
  ],
  "betas": [
    4.0,
    4.0,
    7.0,
    2.0,
    7.0
  ],
  "arm_counts": [
    5.0,
    3.0,
    13.0,
    1.0,
    8.0
  ],
  "arm_rewards": [
    2.9000000000000004,
    1.6533333333333333,
    7.873333333333333,
    0.5800000000000001,
    4.66
  ],
  "selection_history": [
    1,
    0,
    4,
    2,
    4,
    4,
    3,
    4,
    2,
    2,
    2,
    1,
    2,
    2,
    2,
    0,
    2,
    0,
    2,
    4,
    4,
    4,
    0,
    2,
    2,
    2,
    1,
    2,
    0,
    4
  ],
  "reward_history": [
    [
      1,
      0.5733333333333334
    ],
    [
      0,
      0.5
    ],
    [
      4,
      0.64
    ],
    [
      2,
      0.64
    ],
    [
      4,
      0.54
    ],
    [
      4,
      0.5733333333333334
    ],
    [
      3,
      0.5800000000000001
    ],
    [
      4,
      0.5733333333333334
    ],
    [
      2,
      0.64
    ],
    [
      2,
      0.64
    ],
    [
      2,
      0.5800000000000001
    ],
    [
      1,
      0.5800000000000001
    ],
    [
      2,
      0.64
    ],
    [
      2,
      0.5800000000000001
    ],
    [
      2,
      0.5800000000000001
    ],
    [
      0,
      0.54
    ],
    [
      2,
      0.64
    ],
    [
      0,
      0.64
    ],
    [
      2,
      0.5733333333333334
    ],
    [
      4,
      0.64
    ],
    [
      4,
      0.54
    ],
    [
      4,
      0.5733333333333334
    ],
    [
      0,
      0.5800000000000001
    ],
    [
      2,
      0.64
    ],
    [
      2,
      0.64
    ],
    [
      2,
      0.54
    ],
    [
      1,
      0.5
    ],
    [
      2,
      0.54
    ],
    [
      0,
      0.64
    ],
    [
      4,
      0.5800000000000001
    ]
  ]
}